"Input_id","labeldem","labelgop","labeldjt"
"dkgdttl",0,1,0
"db7fzpg",1,-1,-1
"djj4gjo",0,0,-1
"dsxq594",0,-1,-1
"dhez0jx",0,0,1
"dfrs3ew",-1,1,1
"d9idp5c",1,-99,-99
"da46qad",-1,0,0
"dqa9trz",0,-1,-1
"dhb5r5i",-1,0,0
"duxzpsz",1,-1,-1
"drcmclw",0,-99,-1
"dp09isy",0,0,-1
"dr6ol9k",-1,0,0
"dqnduml",-1,0,0
"dr5vw3b",0,1,1
"dn9et21",-1,0,1
"dt9s8ek",0,0,-1
"dl4388u",-1,1,0
"doomh9e",-1,1,1
"dei1ror",0,0,-1
"dqa763g",-1,1,1
"dczvgu7",0,-1,-1
"dtgkx2z",-1,1,1
"df55j47",0,0,-1
"dtl2he6",-1,0,0
"dtfwhwg",-1,0,0
"dqmjjot",-1,1,1
"dpfhlo5",0,-1,0
"dozoflb",0,0,-1
"dr6zctt",1,-1,0
"dimupet",-1,0,0
"dd8z9zu",0,0,-1
"dut3geg",-1,0,0
"di0d1k1",0,-1,-1
"dgnub8v",0,0,-1
"dro0n8l",-1,-1,-1
"dta6gt7",0,-1,0
"dofxhi3",-1,0,0
"dm50yk1",-1,0,0
"drqu8p4",-1,1,1
"do5y3xy",0,0,-1
"dkucvfc",1,-1,0
"dnoegpx",0,-1,-1
"dir3ugt",0,0,-1
"d9h0seq",-1,0,1
"dqqxnlv",0,-1,-1
"dtbhhob",0,-1,-1
"d9qcwxd",-1,0,0
"drpy5tn",-1,1,1
"dhlzcm5",0,-1,-1
"daq13gw",-1,0,0
"ddcftjn",0,-1,-1
"di5fehb",0,0,-1
"dudx5c5",-1,0,0
"du3aawr",-1,0,0
"dci0l4b",0,-1,-1
"duamn7f",0,-1,0
"duq8mwv",-1,-1,0
"dtag9g3",-1,0,1
"dlk8fiw",0,0,-1
"dm5m3j9",0,0,-1
"dtfnd45",-1,1,1
"dr6b3fs",-1,-1,-1
"der71jj",0,0,-1
"dngqo1b",-1,0,0
"dhcsf3x",-1,1,1
"dh17npy",0,-1,0
"dneq7al",0,0,-1
"dk2kago",-1,0,0
"dbuu8at",0,0,-1
"dnout3b",0,0,-1
"dtfaq7u",-1,0,0
"ddl9c9x",-1,0,0
"dpnvec5",0,0,-1
"dtfetp5",-99,-1,-1
"dgoe6g6",0,0,-1
"ddfi7lr",0,0,-1
"de5tc0k",-1,0,0
"d9jh1ol",0,0,1
"djid0ri",0,0,-1
"dimc6xp",0,-1,0
"drusn0g",0,0,1
"dhcv2i4",-1,0,0
"dtylzlh",-1,0,0
"dmubfkb",-1,0,0
"dloghp8",0,0,1
"diojydt",0,0,-1
"din0ic4",-1,0,0
"dflp5a3",-1,1,1
"dip6klb",0,1,1
"drmy3li",0,-1,-1
"dkq9yqv",-1,0,0
"drl5fsv",0,0,-1
"dikwk6k",-1,0,0
"dr1905d",-1,0,0
"do4kki7",0,-1,0
"dir3gvz",0,-1,-1
"dgzfpzv",0,0,-1
"dfox3jd",0,0,-1
"du5l2n8",-1,1,1
"db3dbq3",-1,0,0
"dblhkcg",-1,1,1
"dgyhrj7",0,0,-1
"dcayu41",-1,1,1
"ddm6w4g",0,-1,-1
"dm4u7i0",0,-1,0
"dhig6da",0,1,1
"dtgdemz",-1,1,1
"dsff1oq",0,-1,0
"dlp1huq",-1,0,1
"dt0riih",-1,0,0
"drg7sw3",0,-1,-1
"dkxxwyu",-1,0,-1
"dclyu2n",-1,0,0
"dl5iunx",-1,-1,0
"dog7wx7",-1,1,1
"dh2wiec",-1,1,0
"ds56e88",0,-1,-1
"dt4en5k",-1,-99,0
"d9sw5bj",1,0,-1
"dogwgz1",0,-1,-1
"dtnhiuz",-1,0,0
"dti2xri",0,1,1
"dclsy2h",-1,0,0
"ddclv90",-1,0,0
"duf7k3r",0,1,1
"di9y4oh",-1,0,0
"dtxfh8p",0,-1,-1
"dtfiw3h",0,0,1
"dd2gjgn",0,0,-1
"dotzf8n",0,-1,-1
"dmgb6zj",-1,-99,-99
"dd1rbve",0,0,1
"dbmjidt",-1,1,1
"dtieohy",-1,1,0
"dtrw4qy",0,-1,-1
"dspta0j",0,-1,-1
"ds0q1zo",0,-1,0
"dmfxc4y",0,-1,-1
"dkvbf3f",0,-1,-1
"drv1usu",-1,0,0
"dimtjwq",0,0,-1
"djcw9wl",-1,0,0
"dgxrwpl",-1,0,0
"drof01y",-1,0,-99
"dqo8ith",0,0,-1
"dfiu0nz",-1,1,1
"dp3zc8r",0,1,1
"dq7reme",0,-1,-1
"dtibnb0",-1,0,0
"dd5sf8g",-1,0,0
"du0bhoz",-1,1,1
"dp1y654",0,0,-1
"dt0z1h4",-1,0,0
"dcj9065",-1,1,1
"dejghzq",0,-1,-1
"dsomglm",0,0,-1
"dhckbtx",-1,1,1
"ddbi5mq",0,-1,-99
"dil5lip",0,0,1
"dohqv18",0,-1,-1
"dt0n48p",0,1,1
"db5canl",-1,0,0
"dfsm9de",-1,1,0
"dixm6xs",-1,0,0
"dfkl9jh",-1,1,1
"dqp80sm",-1,0,0
"dl3sbvp",0,-1,-1
"deaoper",0,-1,-1
"detwbup",1,-1,-1
"dq1vnoc",0,0,-1
"dhfyc43",-1,1,1
"do8svsf",-1,0,0
"ds8k6ni",0,-1,0
"dilkk40",-1,0,1
"dne5pfe",-1,1,1
"dcrju89",0,0,-1
"dcghp83",0,0,1
"daok5ny",0,0,1
"dnbk4mc",-1,0,0
"df3bd0n",0,0,-1
"daacxrg",0,-1,-1
"dhiosus",0,0,1
"dtfdy0b",-1,1,1
"dtt7222",-1,0,0
"drmvidn",0,-1,0
"dkqk211",-1,0,0
"djol1qa",-1,0,0
"di5fzqc",-1,0,0
"dk3h68v",0,-1,0
"dibky38",0,-1,-1
"d9mdawd",-1,1,1
"drp5uzr",0,-1,-1
"ddwvfkr",0,-1,-1
"droakk0",0,0,-1
"ddvlyde",-1,1,1
"ds7cf7e",0,-1,-1
"du1ylnc",0,-1,-1
"dcprqyg",-1,0,1
"diddro3",0,-1,-1
"dl5rjot",0,-1,0
"dtgc7rw",-1,0,0
"dadr0i6",-1,1,1
"dlgvwdc",0,-1,-1
"dkknnt1",0,-1,-1
"ddwvft0",0,-1,-1
"dgv3wfv",0,0,-1
"djeg1g0",-1,1,0
"doehhjx",0,0,-1
"dimxqbu",-1,0,0
"dhxubzj",-1,0,0
"dklswhw",0,0,-1
"duxl3lg",0,1,1
"d9o2bdv",0,0,1
"d9ljdbs",-1,0,0
"du4zp9q",0,1,0
"di8v4vz",0,0,1
"dc5pzu2",0,-1,0
"dnxb6y1",-1,0,0
"do31sxi",-1,0,1
"ddhz9b3",0,0,-1
"dp1yplf",0,-1,0
"dpb93vg",0,0,-1
"dcu9ox0",0,0,-1
"dtido4t",-1,1,1
"djk5got",0,-1,-1
"dpxmhs3",0,0,-1
"drmi8cq",-1,0,0
"ds1o89j",-1,0,1
"dk52avi",-1,0,1
"ddtg15l",-1,0,0
"drb7nqn",0,-1,0
"dh19gcg",0,-1,-1
"dq4dusz",0,-1,-1
"de7ozzq",-1,1,1
"ddrsg92",0,-1,0
"dtfd4wb",-1,0,0
"dnwia2s",-1,1,1
"dg1b4mn",0,0,-1
"dace7cz",-99,-1,-1
"dpt391f",1,-1,-1
"dhnazoj",0,0,-1
"dtfdkyx",-1,1,1
"du0kmlt",0,-1,-1
"dgodpmi",0,-1,-1
"d9v9q6t",1,0,0
"dk2ywmi",-1,1,0
"dnid5n1",0,0,-1
"dpqlve7",-1,0,0
"ddc8s0s",1,-1,-1
"d9mcf2i",-1,-99,1
"dfjezpu",-1,1,1
"dixsh84",0,0,-1
"djy0vjk",0,0,1
"dtgmb26",-1,0,0
"dtalyfw",0,-1,0
"dn3j87f",0,-1,-1
"dgmys3e",0,0,-1
"dafn413",-1,0,0
"dc5o2br",-1,0,0
"dqen2gr",0,-1,-1
"dt0ddmg",-1,1,1
"dktx4bw",0,1,0
"dg7iuuv",0,-1,0
"dfihlj3",-1,0,0
"dszh2po",-1,1,1
"dm4tyyw",0,0,-1
"dtfhe9i",-1,1,1
"dsoi4hv",0,-1,-1
"drpng8t",-1,1,0
"dsmlkv7",1,0,-1
"dm8a1if",0,-1,-1
"dd1mtae",-1,0,1
"ddtuhmf",0,-1,-1
"dq4cyf2",-1,-1,0
"db4c30h",0,-1,-1
"dpa9kn2",0,-1,-1
"diwxyyw",-1,0,0
"dhmptjj",0,0,-1
"dstryq3",0,-1,0
"dugsgnv",0,-1,0
"ddq7e0v",-1,0,0
"dnljva9",-1,0,1
"dtlfasr",-1,1,0
"doi4ahk",-1,1,0
"dh7ym1a",0,-1,0
"dn7ueud",0,0,-1
"dn89xnq",-1,-99,-99
"dl8hqv1",-1,0,1
"duj4hu4",-1,0,0
"drbjgm4",-1,1,1
"dl3se3u",0,-1,-1
"doyp2dh",-1,0,0
"dttpxlh",0,0,-1
"dclqri4",-1,0,0
"dtfk428",-1,1,1
"d9q0poz",0,-1,0
"dr0y2ph",-1,1,1
"diww2xj",0,0,-1
"db844sy",-1,0,0
"dti4sh1",-1,0,0
"dtuh4et",0,-1,-1
"dkm4z2z",0,0,1
"dfbfqtt",0,0,-1
"dt90e6a",0,-1,-1
"dqrfh6u",0,-1,0
"dr9pb46",-1,0,0
"dpnvjo3",0,-1,-1
"demycob",0,-1,-1
"dh07w31",1,0,0
"dp42p20",-1,1,1
"ddg4y4g",0,0,-1
"dgrpwjz",0,-1,-1
"dhz41pi",0,-1,-1
"d9yjash",0,1,1
"dugdr52",-1,0,0
"dqklj8h",0,-1,-1
"dsrrik2",-1,0,0
"ddz7d73",-1,0,0
"dhh35fu",0,0,-1
"dr9pnn8",-1,0,0
"diuc6u7",-1,0,0
"dqzgscy",-1,0,0
"dn0tax3",0,0,-1
"dkrfoyf",-1,1,1
"dsrscii",0,-1,-1
"do9e4t1",0,-1,-1
"dg8ip19",0,-1,-1
"dtfje1m",-1,0,1
"dofcg2q",0,-1,-1
"dftbf76",-1,0,0
"dscwtmi",-1,1,1
"dtfpnhl",-1,0,0
"dsg9djz",0,-1,0
"do2vjz1",0,-1,-1
"dh95fqs",0,-1,0
"dh29y4z",-1,0,0
"diognri",1,-1,-1
"dkow43h",1,-1,-1
"dc5ojif",0,-1,-1
"dr1f4hh",-1,1,1
"diutual",1,-1,0
"df38j5e",-1,-99,-1
"dec7ul6",-1,1,1
"d9loam3",0,0,-1
"dpvwi9o",-1,0,0
"ddtc5jn",0,0,1
"dk188us",0,0,-1
"dsnz5es",0,-1,-1
"drnxbju",-1,1,1
"ds2wnoe",-1,1,1
"dq1x1h0",0,0,-1
"dsz6x53",0,-1,-1
"dhcllrn",0,0,-1
"do799ca",0,0,-1
"dtl3x1z",-1,0,0
"ddhhs7g",0,-1,0
"depde48",0,-1,0
"ddy9o5u",0,-1,0
"d9l559s",-1,1,0
"dl5ln5p",0,0,-1
"dpgv0b8",0,-1,-1
"dst2qbq",-1,1,1
"dbxg5k8",1,-1,0
"dsp60eo",0,1,1
"df64go6",-1,-1,-1
"dr5b3ux",-1,0,0
"dodjesn",-1,0,0
"djyegb1",0,-1,-1
"dtqfenq",0,-1,0
"diq33li",-1,0,0
"dhhkpu8",0,-1,-1
"drvn8ym",-1,-99,1
"djtt910",0,0,-1
"da7etlb",-1,1,1
"dtiauqu",0,0,1
"dsf4nbc",-1,0,0
"dilcqwr",-1,1,1
"dik1zn0",0,0,-1
"dffc4ue",0,0,-1
"da6yqau",1,-99,-99
"dly0vd0",0,0,-1
"ddvq3bc",0,-1,-1
"dpru3mv",0,0,-1
"di6vdlv",0,0,-1
"dr5aqqo",-1,0,1
"du5izuy",-1,0,0
"delou2k",0,0,1
"dpwmkz7",-1,0,0
"ds9ucv5",-1,1,1
"dhvh9ee",-1,0,0
"dog9bz9",0,-1,-1
"diorhdq",0,-1,-1
"djg2ynr",0,1,0
"duzdc0a",0,0,-1
"dpuy5ue",1,0,0
"dp3j2ym",-1,1,1
"df69sx9",0,-1,-1
"dsy17pw",0,1,1
"dafq5bz",-1,0,0
"du0rpff",-1,0,0
"dgzawy6",-1,1,1
"d9q4nco",-1,0,0
"dkz77kg",0,0,-1
"dqfitjq",0,-1,-1
"do660pj",-1,1,1
"dt93mjm",0,0,1
"ddrfe0u",-1,1,1
"dshgdkk",-1,-99,0
"dicvsg8",0,-1,-1
"dpt6ubr",0,-1,0
"du34zle",0,-1,-1
"dsgtnv1",-1,0,1
"dpi3sds",1,0,0
"ddq2lxe",-1,0,0
"dbt24nf",0,0,-1
"dilfbp0",-1,1,1
"dlfzpqc",0,-1,-1
"dqrcnh6",0,0,1
"dhtkcd3",-1,0,0
"dbzg1nf",-1,0,0
"dptcqqs",0,-1,-1
"dj2bmi8",0,-1,-1
"dgwnq5e",-1,0,1
"dsz4u5u",-1,0,0
"deknn49",0,-1,-1
"dei252z",-1,0,-99
"djwnq8n",-1,0,0
"dfhf2ze",-1,0,0
"diww1ut",0,-1,-1
"dsyj9vq",0,-1,0
"dd17w6t",0,0,-1
"du16s79",-1,0,1
"dibyujm",0,1,1
"dumh3r8",-1,0,0
"dtifi2t",-1,1,1
"dilcrrx",0,1,1
"dj61efq",-1,1,1
"dr2jruc",-1,0,0
"dp0nuy0",-1,1,1
"ddc3ftc",0,0,-1
"dk1qurr",-1,0,0
"dty602c",0,0,-1
"dbm385n",-1,0,0
"dskg83h",0,1,1
"dkbs4wb",-1,1,1
"da3knoj",0,-1,-1
"d9wewyd",0,-1,-1
"dejahvl",-1,0,0
"djyi501",-1,0,0
"dizb8mb",0,-1,-1
"d9sedhj",0,0,-1
"dbg94aw",0,0,1
"ddcrufc",-1,0,0
"dt90ym0",0,-1,-1
"dfh2c4n",-1,0,0
"dhcppbv",-1,0,0
"djf3429",-1,0,0
"df6dcp2",0,-1,-1
"dqm5ugg",0,-1,-1
"dhw2tp2",0,-1,-1
"deb3rz1",-1,0,0
"dlt1213",0,0,-1
"dsjgl59",0,0,-1
"df6ey3z",0,0,-1
"dl2yxa0",0,0,-1
"dng0rn8",0,-1,0
"dm1eydb",0,0,-1
"dt6n19a",-1,0,-99
"dj2gr9o",-1,0,0
"dmfx63x",0,0,-1
"dewfvgc",-1,-99,0
"dfoyrul",-1,0,-1
"dmfwv3y",0,0,-1
"dr6v6bs",0,-1,0
"dtgh4w7",-1,1,1
"dd1l7uv",0,1,1
"dehxfo4",0,0,-1
"de4gwxk",-1,0,0
"dqm6ftu",1,0,0
"dc5qag9",0,-1,-1
"ddlb1wm",0,-1,0
"dfaaytm",1,-1,-1
"daq0vi5",-1,1,1
"dnxfrme",-1,0,0
"dr17ul5",-1,0,0
"dq1jk0u",0,1,1
"dpdo5wk",0,0,-1
"dudc5p4",-1,0,0
"doj9yb0",0,0,-1
"dtimsro",-1,0,0
"div786s",-1,1,1
"dm65y90",-1,0,1
"dskowck",-1,1,1
"di5v5bo",0,-1,-1
"db6jwu0",-1,0,0
"dtge57r",-1,0,0
"dkp5v8u",0,0,-1
"dgb7spr",-1,0,-99
"dk0r94r",0,-1,-1
"dtfg122",-1,0,0
"dph1ho3",0,-1,-1
"dnq561p",-1,1,1
"dbt1gjw",0,-1,-1
"dut9w29",-1,0,0
"dmoryxn",0,0,-1
"dsjo7hy",1,0,-1
"dbf6ztw",0,0,-1
"dl4zpad",-1,0,0
"dj3om0b",0,0,1
"duwygst",-1,0,0
"drme3i8",-1,0,1
"dpqabby",-1,0,0
"dcy3nq2",0,1,1
"driq9ed",0,0,1
"dlx6g1h",0,-1,-1
"dugt82g",0,-99,1
"dfxk9qh",0,-1,-1
"dsfpey2",0,0,-1
"dr68nb5",1,0,0
"di409m2",0,0,-1
"dk6oapy",0,-1,-1
"dnek066",-1,0,0
"dezh8vp",-1,0,0
"dtfjp2o",0,0,-1
"dd7xeq0",0,0,-1
"dk8u0fb",-1,1,1
"dt1c9fn",-1,0,0
"dt5xcl7",0,-1,0
"dsnjwar",0,0,-1
"dm01qla",0,-1,-1
"doebmzj",0,0,-1
"dhjixcd",-1,0,0
"dnf5moq",0,-1,-1
"dr622s3",-1,0,0
"dft80cv",-1,1,1
"dtpivrg",-1,0,0
"dm4y0lh",0,1,1
"dsrrsld",0,-1,0
"dss1btw",-1,1,1
"dsfu5g9",0,-1,0
"dplon7h",-1,0,0
"ddrgujs",-1,0,-1
"dfqu17w",0,0,-1
"dg4z3r7",0,0,-1
"ddakejx",0,1,1
"dn8480y",0,1,1
"ddng5n7",-1,0,0
"dl59j1i",-1,0,-99
"ddqz214",-1,0,0
"dt24qxd",0,-1,0
"dsamakc",0,0,-1
"dctnewz",0,0,-1
"dnizoln",0,-1,0
"daq99ux",-1,1,1
"dtse8bw",-1,0,0
"djwcr75",0,-1,-1
"dc9oka8",-1,1,1
"dhrh3fc",-1,-99,-99
"dgv27kv",0,0,-1
"dsd6vua",-1,0,0
"daj78q5",0,0,-1
"dt0bdxc",-1,0,0
"duta1ap",-1,1,1
"dc5bxgq",0,0,1
"desjmqu",0,-1,-1
"djzg7xv",-1,0,0
"ddizqfm",-1,0,0
"dtqiysl",-1,1,1
"dkonyiv",0,1,0
"div2urm",-1,1,1
"da1eko2",0,-1,0
"drhg5sj",0,1,1
"djlwhtw",0,-1,-1
"due4r4s",0,-1,0
"dhcks2u",0,0,-1
"donxf2k",-1,0,0
"dq5ocy7",0,-1,0
"dsmt8tg",-1,0,0
"dsxh7gn",0,-1,-1
"duasf8x",-1,1,1
"dhrocgz",0,0,1
"di4yw43",-1,0,0
"dekkk1l",0,-1,-1
"dqc7wpi",0,0,1
"djyh10p",-1,0,0
"dq4hcmp",-1,-99,-99
"dtkndkf",-1,0,0
"dbk3ckk",0,-1,-1
"dlx4wzx",0,-1,-1
"dk5jc6n",-1,0,1
"digi59k",-99,-1,-1
"dr65y79",1,-1,-1
"dsbm1x3",-1,0,0
"dksf42v",0,1,0
"dckxv1v",0,0,-1
"dr68axv",-1,0,0
"dlkde5e",0,-99,-1
"dbw1ftj",-1,0,0
"dnqq2kb",-1,0,0
"dd1jsgz",0,1,1
"dn98l7h",0,0,1
"dl0aqeh",0,0,-1
"ddxqz1o",0,-1,0
"d9vlg5i",-1,0,1
"dkf8usr",0,-1,-1
"dg9f5fh",0,-1,-1
"dj4m7aa",0,0,-1
"dtngnay",-1,0,0
"drp8mrh",0,0,1
"dell8tf",-1,1,1
"dhz0czg",0,-1,-1
"dgj7gvx",0,-1,-1
"dizrfm3",0,0,-1
"ds7zc70",-1,0,1
"dge120l",-1,1,1
"dtf8fr8",-1,0,0
"dueik0r",0,0,1
"dd3zj6c",-1,0,0
"dcf0x0i",-1,0,0
"dcnp5c5",-1,0,0
"dums5wj",0,-1,0
"dsfpdv2",0,-1,-1
"dhsqhpb",-99,1,1
"dqq7bca",-1,0,0
"dhhof70",0,0,-1
"dc4ef41",-1,0,0
"dd8l5uz",0,0,-1
"dr9qler",-1,0,0
"da6vsh5",-1,0,0
"dht4efv",0,-1,-1
"doja36s",0,-1,-1
"dluf90j",-1,-99,-99
"dgtg6ak",0,-1,-1
"ddetx4x",0,0,-1
"dclu707",0,0,-1
"dd7tl8n",-1,0,0
"dhjjpi5",-1,1,0
"dj5jj9b",0,1,0
"de0tqxt",-99,-1,1
"dkkyio1",0,-1,-1
"dbhbmha",-1,0,0
"ds21sl0",-1,0,0
"d9tkyq0",0,0,-1
"dcsrgpg",0,1,1
"dhzlxqc",0,-1,-1
"dcmnda0",-1,1,0
"dldtci7",0,-1,-1
"df8l18h",-1,0,-99
"duzeuwn",0,-1,-1
"dgyf3e9",0,-1,-1
"dpbz0aa",0,-1,-1
"dqgbm8k",-1,0,0
"dob85bl",-1,0,0
"drjvv0q",-1,1,0
"ds3jr29",0,0,1
"diky63u",-1,0,1
"dsss6ga",0,0,1
"dttvmsu",-1,0,0
"ds6fprd",0,0,-1
"dkd0kp2",0,1,0
"dl3vwcb",0,0,-1
"drectld",-1,1,0
"dhmjd5u",0,0,-1
"dpc6jzm",0,-1,-1
"dqn9xiv",-1,1,1
"dld643k",-1,0,0
"dukia3r",-1,0,0
"dtfusu9",-1,1,1
"div0km0",-1,1,1
"du4zsnm",0,-1,0
"drceh0f",-1,0,0
"dn0cqvm",0,0,-1
"dp3b61c",-1,1,1
"dnurz90",0,0,-1
"db70l5w",-1,-1,-1
"dr6bkj5",0,1,1
"dabacxl",0,1,0
"dgjhv34",-1,-1,-1
"dtxbkzi",0,1,1
"deyktel",0,-1,-1
"dfo784s",-1,0,1
"dcljwao",-1,0,0
"dfgqhhh",0,-1,-1
"dpmewno",-1,0,0
"ds9inxo",0,1,1
"dj78m3y",0,-1,0
"dkryeg6",-1,0,0
"dut9vyz",-1,0,0
"df38c6t",-1,0,1
"devsb7i",0,0,-1
"dejcylq",0,-99,-1
"do4er6r",-1,0,0
"dncomu5",-1,0,0
"du8yagr",-1,0,1
"deh2nyg",-1,1,1
"dupe9v4",0,0,-1
"dio5vvk",0,0,-1
"dqc4vig",0,0,1
"dsf8va3",0,0,-1
"dhoe0k8",0,-1,-1
"dunh019",0,-1,0
"dkvfcl9",-1,1,1
"dckzvwc",0,0,-1
"dtgmoap",-1,0,1
"deg6ubj",-1,1,0
"dtgblwz",-1,0,0
"di40vh3",0,-1,-1
"dpirqds",-1,-1,-1
"dhd9xvd",0,0,-1
"dd21mhk",0,1,1
"dilcjhr",-1,0,0
"daaviy1",0,-1,-1
"dqqsvnd",0,0,-1
"da8l3xw",-1,1,1
"dsyh8n8",0,-1,0
"dl92ivg",-1,1,1
"drbehj2",-1,-99,0
"dus074z",0,0,-1
"dp00i0x",-1,0,0
"doicast",0,-1,0
"dti7j4g",-99,-1,0
"dt0y051",-1,0,0
"dpyurwq",0,-1,0
"dotz4qc",0,0,-1
"dsp0v6d",-1,0,0
"dosg55g",-1,0,0
"dm4y38b",0,0,1
"diuvmom",-1,1,1
"diw1gdh",-1,0,0
"did1ihd",1,-1,-1
"dieszse",0,-1,-1
"drs4heg",-1,0,0
"dtxa6vb",-1,1,1
"dljq3p4",0,-99,-1
"dsipe68",-1,0,0
"dep09sn",-1,0,-1
"ddwk176",0,-1,0
"dfquiy7",0,-1,-1
"df63xps",0,-1,-1
"de8lcer",-1,0,0
"dhbxg5t",0,0,-1
"dd1p54y",-1,1,1
"dtn1h87",-1,0,0
"dki3m6h",0,0,-1
"dtcf71h",0,-1,-1
"dcs2beu",-1,1,1
"dfj2gu4",-1,0,0
"dqfnjq2",0,-1,0
"dujtwwh",-1,0,1
"dd7q3rg",0,-1,0
"drjh9dm",-1,1,0
"dek356z",0,-99,-1
"do26jrw",-1,0,0
"dob8ebj",0,0,-1
"dctloz9",0,0,-1
"dldn7y5",-1,-99,0
"djuu6ev",0,0,-1
"de583k1",1,-1,0
"dsixwu6",1,0,-1
"dax9nie",-1,0,1
"dn0ce4x",0,0,-1
"dhg2hub",0,0,-1
"dhdfhkp",-1,0,0
"donhaxc",-1,0,0
"dcslqe6",1,0,0
"dp0c413",-1,0,0
"dtfdtmh",-1,0,0
"dundo70",0,0,-1
"dc05u40",0,-1,-1
"dnloite",-1,0,0
"dtfh9gr",-1,0,0
"db85psm",0,-1,-1
"ddqqh1j",0,0,-1
"ds5u1jj",0,0,1
"dm4zgi5",-1,1,1
"dqwgid2",-1,0,0
"dnkbyx3",0,-1,-1
"dei1qgi",0,-1,-1
"dkf8wtp",0,0,-1
"dlqurv7",0,0,1
"ddmq1li",-1,-99,0
"dti6pqj",-1,0,0
"dn8aoaz",0,-1,-1
"djfj16e",-1,0,0
"dhcnlrt",-1,0,1
"dry95nu",-1,-99,-99
"do8aknf",0,0,-1
"dp5geny",1,-1,0
"dcuyn73",0,-1,-1
"dhghndi",-1,1,1
"djqjw6y",0,0,-1
"douozjr",-1,0,0
"dhg6zgh",-1,1,1
"dtu981l",0,-1,-1
"dtfne7p",-1,0,1
"dhk4hs1",-1,0,0
"dragylk",-1,0,0
"ds6fmqt",0,-1,-1
"dkq84vn",-1,0,0
"dt5obna",-1,0,0
"djrj38p",0,0,-1
"dmtarut",0,-1,0
"dmog6pl",0,-1,0
"djk80i1",0,0,-1
"dksdh7j",0,0,-1
"dsl5v2h",0,0,-1
"dt9w831",-1,0,0
"dtghg0p",1,0,-99
"dlvw6tu",0,0,-1
"dtalzlh",0,-1,-1
"dc9vejx",-1,0,0
"drnq84z",0,-1,-1
"dhlf3gu",-1,0,0
"dm4xcit",-1,-99,1
"db642m1",-1,0,0
"dctsa9a",0,0,-1
"dus0cct",-1,1,0
"da6gs7z",0,0,1
"dhtvp4b",-1,0,0
"dr5xyfr",-1,1,1
"dksdrzc",0,-1,-1
"dd4pqpy",-1,0,1
"djn9162",0,-1,0
"d9g6qr9",-1,0,0
"dm4vg4o",0,-1,-1
"dcd9k92",0,1,1
"dclwl0p",-1,0,0
"dlp79ex",0,0,-1
"dhg73a3",-1,0,0
"dsukhlx",-1,0,0
"dtmdi4r",0,0,-1
"dea2ede",0,0,-1
"dksinn1",-1,0,0
"dhis2j3",-1,0,0
"dgtfugz",0,-1,-1
"dcxqglo",0,-1,-1
"dbmtsza",-1,0,0
"d9g9fq8",-1,0,0
"dronevr",-1,0,0
"dskq0zm",0,0,-1
"ddnpq0l",0,-1,-1
"deiq1aa",0,0,-1
"dfy7ljk",0,-99,-1
"dtxwajh",0,-1,-1
"dti63k2",0,1,1
"due1j3z",0,0,-1
"dbbbr7q",-1,1,1
"depjs2d",0,0,-1
"dakf5r7",0,-1,-1
"dbc8k9j",0,-1,0
"dd5ebny",0,0,-1
"doioago",0,-1,-1
"dayj4m3",-1,0,0
"dtf8iir",-1,0,0
"dj1suug",0,0,-1
"dsjgkr2",0,-1,-1
"dddiq0j",-1,1,0
"dqv9lmr",0,0,-1
"dtf876v",-1,1,0
"dp29eyc",1,0,0
"dd4y6ru",-1,1,1
"dd20ln3",0,1,1
"dfbwxa0",0,0,-1
"dn8bmxu",0,-1,-1
"dtgc8fo",-1,-99,1
"drreoy0",-1,1,1
"dsqin5u",-1,0,0
"dcratzl",-1,1,0
"dhh3gs0",0,0,-1
"dj0gaxl",-1,0,0
"dhbk7kn",-1,1,0
"dlwe9h6",-1,0,1
"dilfj32",-1,0,0
"dtfivzv",-1,0,1
"dd1i5rv",0,-1,-1
"doei2ga",-1,0,0
"ddakq6e",-1,0,0
"dkiqdkk",0,-1,-1
"dh99lyd",0,-1,0
"dh5bnxn",0,0,-1
"ds8vyct",1,-1,-1
"dlu7q1x",0,0,-1
"dckgvuo",-1,0,0
"dt3j7lz",0,1,1
"d9scko8",-1,0,0
"dqwa1ph",0,-1,-1
"dtvuoia",0,-99,1
"djyjqyg",-1,1,0
"dtnmv5b",-1,0,0
"dssknz2",-1,0,0
"dj9lq59",-1,0,0
"dr1vj25",-1,1,1
"dcanond",0,0,-1
"dtsmwq5",0,0,-1
"dsyfwzy",0,-1,-1
"djwdnww",0,0,1
"ds3ueyr",0,0,-1
"dsdvs3a",0,0,-1
"ddualpk",-1,0,0
"dt2zk70",0,-1,0
"dldvwbo",-1,0,0
"di940pz",-1,1,1
"drasv0q",-1,0,0
"dumoe0i",-1,0,1
"dbwot10",-1,0,-99
"dd8l2gl",0,-1,-1
"disxaqk",0,0,-1
"dmdy746",0,-1,0
"dku3soq",0,-1,0
"du3k55p",-1,1,0
"dhdhrqr",0,-1,0
"dcawhyt",0,-1,-1
"dr4zopr",-1,1,1
"dps3ree",0,-1,0
"daxm69r",-1,0,0
"dp38pq3",-1,-99,-99
"dtsbzti",1,0,-1
"dm57rgy",-1,1,1
"dtcrqz8",-1,0,0
"dd93um2",0,0,-1
"df0nm4d",0,-1,-1
"dlr0h6s",0,0,-1
"d9vvsaw",-1,0,0
"dlmb9vm",0,0,-1
"dqrqr27",-1,0,0
"dlrbfa0",-1,0,0
"dgzhf9m",0,0,-1
"dh7c1a5",0,-1,0
"dm04368",-1,1,1
"dhs2by2",0,0,-1
"dbfdtb8",0,0,-1
"d9raj5q",0,0,-1
"difwejm",0,-1,-1
"dtn16eq",-1,0,0
"dfk6j7p",-1,0,0
"debgmfa",0,0,-1
"damcpr1",0,-1,-1
"dt290ww",-1,0,0
"dteellg",-1,0,0
"dunsv95",-1,0,0
"dbzgbcs",-1,0,0
"dtn0x3z",-1,-99,1
"dgt326x",0,0,-1
"dbmoss6",-1,0,0
"do6e8rr",0,-1,-1
"ddceq4q",0,-1,0
"dhcv5o8",-1,0,0
"div17vl",-1,0,0
"dqlxlgv",-1,-1,0
"dtfi1cx",0,0,-1
"dsyl92q",-1,0,0
"dlfbrfr",0,-1,0
"dpiehrr",-1,0,0
"dtoh87l",0,-1,0
"doemzu2",-1,0,-99
"dtgg9mt",-1,0,0
"dofucs0",0,0,-1
"dmrsvkb",-1,1,1
"dph17fl",0,0,-1
"dsji3lb",0,-1,-1
"dq54wri",0,1,1
"dtg8jwz",-1,1,-99
"dkjm5do",0,-1,0
"djamnq4",0,0,-1
"dtxndoz",-1,1,0
"dszgbhp",-1,1,1
"dt4ou6j",-1,0,0
"dhnbav0",0,-1,-1
"dr6fgoj",-1,0,0
"dtsse53",0,0,-1
"dtenyz6",-1,0,0
"davonw5",-1,1,1
"dgeluxj",1,-1,-1
"dozrz9u",0,-1,-1
"dlk8r2g",-1,0,0
"ddwtfpn",0,0,-1
"dfq2xml",0,0,-1
"d9sdvm9",-1,0,0
"daifnce",0,1,1
"du1z7w4",-1,0,0
"dsz6i49",-1,0,0
"dtgmz9a",0,1,1
"dnqe2lg",-1,0,0
"dfrnrp8",-1,1,1
"djhl4kn",0,0,-1
"dfo65e4",0,-1,-1
"dloilr2",0,0,1
"dtbk9hl",0,0,-1
"dg1kg3i",-1,0,0
"dckgv3c",0,0,-1
"dimsmto",-1,0,0
"dggrp23",-1,0,0
"d9zgqgi",0,0,-1
"dpt3ri7",0,-1,0
"decrz39",0,0,-1
"dqdzud0",0,-1,0
"dbsuedr",-1,1,1
"du0c8as",-1,0,0
"dm6t572",0,0,-1
"dpmdtmp",-1,1,1
"dtsh87b",0,-1,-1
"do77e1a",0,-1,-1
"df86jzs",-1,0,0
"der0q9q",0,-1,-1
"dsw5mjv",0,-1,-1
"ds09t60",1,-1,-1
"de411rx",0,0,-1
"di2vu97",0,0,-1
"dlceidj",0,-1,-1
"dl96y6t",0,-1,0
"dthg1wh",0,1,1
"dedm5ic",0,-1,-1
"dik1qua",0,-1,-1
"ddh3f1d",-1,0,0
"dtgixol",-1,0,0
"dp1xyqb",1,0,0
"dnbwmyi",-1,0,1
"dktwfxy",0,1,0
"djwbfai",0,-1,-1
"djk7lz7",-1,0,1
"dtfguvl",-1,0,0
"drpu9ra",-1,0,0
"dddey2n",0,1,1
"dszfluz",-1,0,0
"dek7eqq",0,0,1
"dnurgqd",0,0,-1
"dj5fjxf",0,0,-1
"dlafdid",-1,0,0
"dn6xvkk",0,0,-1
"du0v67r",-1,-1,0
"dqmgy96",-1,1,1
"do6c7z6",0,0,-1
"drsdunm",-1,0,0
"db7olzi",-1,0,1
"dfmoscp",-1,0,0
"dq3jmgs",0,-1,-1
"dfvm63f",0,0,1
"dsl5tls",0,-1,-1
"dlp68ye",0,0,-1
"dsy6b7z",-1,-1,-1
"dmqb8fe",1,0,0
"dhjjknr",0,-1,0
"dfloxnu",-1,0,1
"drb5v4a",0,-1,-1
"dc3ufn3",-1,0,0
"dohqm6h",0,-1,-1
"df4r39q",-1,0,0
"dhnbq55",0,-1,-1
"dhpai3v",0,-1,-1
"dc9sj3d",-1,1,1
"dcfu6sl",0,0,-1
"dd0obf8",0,0,-1
"db9nnmr",-1,1,1
"dnb2s2e",-1,0,0
"dtsght7",0,-1,0
"dafx5n0",-1,1,1
"dl0h69z",0,-1,-1
"dq4dtuw",0,-1,-1
"dthhi3h",0,-1,0
"dt7rd5a",0,-99,-1
"dcdk21w",-1,1,1
"dstu4t9",0,-1,0
"doh3e5c",0,-1,0
"drb5vv4",0,-1,-1
"dheg2yr",-1,0,0
"dfd7gw8",0,-1,0
"dqclr49",-1,0,0
"dtfjv47",0,0,1
"daf2h8p",0,0,-1
"de5ikqt",0,-1,0
"df2b84z",0,0,-1
"dhctc9n",-1,0,1
"des8nkd",-1,0,0
"dszee1x",-1,1,1
"dg26dyw",0,-1,-1
"dbckqc4",0,0,-1
"dkcqoo5",0,-1,-1
"doq1gse",-1,0,0
"djnvucy",0,-1,0
"dkdxt3v",0,-1,0
"do4p6tx",-1,0,0
"dieze7h",0,0,1
"ded46qb",0,0,-1
"democsz",-1,0,0
"dpiwun1",0,-1,0
"dq1w4u2",0,-1,-1
"dfxmvys",0,0,-1
"dfbwitz",0,-1,0
"dkp3w1g",-1,0,0
"dsum04o",-1,1,1
"dps12zo",0,0,-1
"dhcqh9x",-1,0,0
"dl4vmki",0,-1,0
"dofwnlw",0,-1,-1
"dqmaklh",0,0,-1
"dtsmypj",0,-1,-1
"dq3mtey",-1,0,0
"djkrxrg",0,-1,0
"dl099f4",0,-1,-1
"dter73n",0,0,-1
"dr4ta5r",0,-1,0
"dd0xsc6",-1,0,0
"dssm8nv",-1,0,1
"dnf68mu",0,0,-1
"dfd6mlf",0,-1,0
"dbp2jfk",-1,0,1
"dakpm6a",-1,-99,-99
"dap21mk",0,-1,-1
"dn9a3nu",-1,0,0
"ddanuqe",0,0,-1
"dd4t2ka",0,1,1
"d9it4tc",-1,0,0
"dd5e6ef",0,-1,0
"dpyx7wx",-1,0,0
"dhqi5p3",0,-1,0
"dd59ta2",0,0,-1
"dbywqpc",-1,0,1
"dtbib6v",0,0,-1
"dda4oov",0,0,-1
"didq7oo",-1,0,0
"dtkds33",-1,1,1
"dti2kew",-1,1,1
"dr6a71q",-1,0,1
"dcu5wnl",-1,0,0
"dqxm5wg",-1,1,1
"ddrbwz4",0,0,-1
"d9zhz6w",0,0,-1
"dhbyo86",-1,1,1
"doqpgxr",0,-1,-1
"ddqdr6y",0,-1,-1
"df2m2f0",-1,0,-1
"dqrn6d4",0,-1,0
"dnxqgkg",0,-1,-1
"dtnlyra",-1,0,0
"dnf5wld",0,0,1
"dnepzt0",0,1,1
"djvb43a",-1,0,1
"dp29tpg",1,0,-1
"dlo7q0l",0,-1,-1
"dhsshec",-99,-1,-1
"drpjdug",-1,1,1
"dia1i3c",0,-1,-1
"deblp4a",0,-1,0
"djjzjro",-1,0,0
"d9wim6x",0,-1,-1
"doujgv2",-1,0,1
"dmtb8c2",0,-1,0
"do9vgqh",0,-1,-1
"d9hi4h8",-1,0,1
"da8w79n",0,0,-1
"dsxq7ve",0,0,-1
"dq221w3",0,-1,-1
"dlon4hz",-1,1,1
"dm01dqa",0,1,1
"do533w0",-1,0,0
"dilewo0",-1,1,1
"dfj2fgi",0,0,-1
"dohr06m",0,-1,0
"dk851kc",-1,0,0
"dt80lq6",0,-1,0
"dhg2wde",0,-1,-1
"dd2acen",0,-1,-1
"dopcdm0",-1,0,-1
"dhu5ub3",0,0,1
"dn0tax3",0,0,-1
"dryi3u5",-1,0,-1
"dl25i55",-1,0,1
"daf6t3x",0,0,1
"ditigf2",0,-1,-1
"ddsbedu",-1,0,1
"dcawfni",1,-1,-1
"dti4unb",-1,0,0
"dl4s07v",-1,1,1
"dpc4m2t",0,0,-1
"drfxr6h",-1,0,0
"drh4rtu",0,-1,0
"dgxejm6",-1,0,0
"dm14d97",-1,0,0
"deruxba",0,0,-1
"dlcdsx4",-1,1,-1
"dsv5ai7",-99,-1,0
"dgpk448",0,-1,-1
"dspsf78",-1,0,0
"doeir4u",0,-1,0
"drueh8g",0,-1,-1
"dj00zy0",-1,0,0
"dfde1ut",0,0,-1
"dpxxzuk",0,-1,-1
"dri91nx",-1,-99,-99
"dqmk3ok",0,-1,-1
"dms0ayb",-1,0,-1
"dl1nfao",-1,0,0
"dtffhfz",-1,0,1
"dr24mq1",-1,1,1
"d9orvkn",0,-1,-1
"dqqt008",0,1,1
"doz2757",0,0,-1
"deaofx8",0,-1,-1
"dq8q4ah",0,0,-1
"d9t4ktb",-99,-1,-1
"dcr3y7b",0,0,-1
"dufspxn",0,0,-1
"dj78a8c",-1,1,0
"dp1yxr5",-1,1,1
"dtmufmj",0,-1,-1
"dhcj2jx",0,0,-1
"ddpdavi",0,-1,-1
"dqxru2e",0,0,-1
"dc3psum",1,-1,-1
"dazbugw",0,-1,-1
"dmmtvwh",0,-1,0
"do3bv1s",0,-1,-1
"duao6n2",-1,0,0
"doiocmv",0,0,-1
"drvhbfp",1,-1,0
"dh5bpub",-1,0,1
"ddg9xt0",0,-1,0
"dq20md3",-1,0,0
"ddtrklw",-1,1,1
"dpwkzgx",-1,1,1
"dlqu3g6",0,0,-1
"dpnurbt",0,-1,-1
"dap24dr",1,0,0
"dsq39g2",0,0,-1
"dtjdpgb",0,-1,-1
"dpaj0s0",0,0,-1
"dlod5ly",0,-1,-1
"dua8kpc",-1,0,1
"dp4x6z4",0,-1,-1
"duvrtiv",0,-1,-1
"dpobwvh",0,0,1
"dp3o0an",-1,0,0
"dg45xcq",0,0,-1
"ddc4fn2",0,-1,-1
"dcbuiow",-1,0,-99
"dqui3bv",0,-1,0
"do78kr2",0,0,1
"dr4rhgq",-1,0,0
"dptwtei",0,-1,-1
"ds1zy1i",-1,0,-99
"dffkgfz",-1,1,1
"ddstl5z",0,-1,-1
"djm8nu2",0,0,-1
"da8rqxu",-1,1,1
"dua6kdl",-1,1,1
"drw9cql",0,1,1
"dsyd1k4",-1,0,0
"difw7n1",0,0,1
"dr5zaqr",-1,0,0
"dcsz832",0,0,1
"dr5wlqs",-1,1,0
"dr7q472",-1,-1,0
"d9jlan2",-1,0,0
"dezp5o6",-1,0,0
"dj666fb",-1,1,0
"dtgkuou",-1,0,0
"doz05hr",0,-1,-1
"dsvi30g",0,0,-1
"daqqy8r",-1,1,1
"drtl6se",0,-1,0
"dgaqnwv",-1,0,0
"dpqao5b",-1,1,1
"ddg7arb",0,-1,0
"dbsx614",-1,1,1
"dscoh2k",-1,1,1
"dd7q960",0,-1,-1
"dnizrrt",-1,0,-99
"dpbj7k7",0,-1,-1
"dqnglwx",-1,0,0
"da2susf",-1,1,0
"dtjq8bn",0,-1,-1
"dsyd73z",-1,1,0
"dphf4pg",-1,0,0
"dgureks",0,1,1
"dl4szq0",0,-1,-1
"djatjbe",0,0,-1
"df18408",-1,0,-1
"du2yv24",0,0,1
"dpuwqse",-1,0,0
"dtfvdub",0,0,-1
"dfg2vqf",0,0,-1
"dt9qxm7",0,0,1
"dat9zgh",0,0,-1
"dogx9tl",0,0,-1
"drelu05",-1,0,0
"dizbtje",0,-1,-1
"dd5acrp",0,-1,-1
"dikw5wo",0,-1,0
"d9k4d5d",-1,1,1
"devrxsu",0,0,-1
"dp3bsj1",0,0,1
"dumi97d",-1,-1,0
"dg53s7v",-1,0,0
"db26p8t",0,-1,-1
"dhnb041",0,0,-1
"ddy6vls",-1,0,0
"dums5sq",0,-1,-1
"dtfjcbb",0,-1,-1
"dqvs0if",0,-1,-1
"dimvkg2",0,1,1
"dttinlr",0,0,1
"dgy051e",-1,1,1
"dhzlb2s",-99,-1,0
"dsivy58",-1,1,1
"dqrm5ip",0,-1,0
"dszdn1g",-1,1,1
"ds4k9e6",0,-1,0
"dkvwcsw",0,-1,-1
"dqmkfho",-1,1,1
"dae3et9",-1,1,1
"dhcnxnl",-1,1,1
"dstw4qt",0,0,-1
"deiztsj",0,-1,-1
"du3npum",-1,0,1
"derv8eg",0,-1,-1
"df6fzup",-1,0,0
"dmy0qhz",0,-1,0
"djzgrdc",-1,0,1
"duzdxmk",0,-1,-1
"dhh41b0",0,0,-1
"dl5kvy2",0,0,-1
"dcabgb7",-99,-1,-1
"das8mqz",0,0,-1
"dmdbp45",0,0,-1
"dhln7tq",0,-1,-1
"djwv22o",0,-1,-1
"dqmpash",0,-1,-1
"do822ws",-1,0,0
"d9x67m4",-1,1,0
"dsme0bv",-1,0,0
"dfqc7yr",1,-1,-1
"dfz7ubz",0,-1,0
"duns63y",-1,1,1
"ddfxvfx",0,-1,-1
"dsyjw1q",-1,0,0
"dn00d4k",-1,0,0
"drogmv5",0,-1,-1
"dpu2s7t",-1,0,0
"dcxqbx5",0,0,-1
"dqc6ftl",0,-1,-1
"davsnhj",0,0,-1
"dcqd5x8",0,-1,-1
"dj9bu02",0,-1,-1
"dsyfvk1",0,-1,-1
"du7lerb",0,-1,-1
"dmzmu6v",0,0,-1
"dcpnoc7",-1,0,0
"dtihjtg",-1,0,0
"dest74b",-1,0,0
"dlcaanw",0,0,-1
"dcyjbsr",-1,0,0
"dcdpub7",-1,0,0
"drxiv3n",0,0,-1
"ddcxxqs",1,0,0
"dc9wo2x",0,0,1
"dt6uksa",-1,0,1
"dp8h3k3",0,0,-1
"dnwqgmd",-99,-1,0
"dhtb9zx",-1,0,0
"dckglli",-1,1,1
"di9kppk",0,-1,0
"ds6efno",-1,0,0
"doapgj7",0,-1,-1
"dfplos2",-1,0,0
"dbxgh4o",-99,0,-1
"dekzrtt",-1,1,1
"drzysw4",0,0,-1
"dbk4s7t",0,-1,0
"d9l5zhp",-1,0,0
"dhypflh",0,-1,-1
"dh48851",0,0,-1
"dd4wkvp",0,0,1
"dj6927j",-1,1,1
"dn9unh7",0,-1,0
"dcgfrou",-1,0,1
"dikq1vb",0,0,-1
"dp0jcmr",0,-1,-1
"dgncm59",0,-1,-1
"du3ak9u",-1,0,0
"dil7v1w",0,-1,-1
"ddvpkgb",0,-1,-1
"deeytkp",-1,0,0
"dfi9waw",1,0,-1
"df58fqv",-1,-99,-99
"dkhj3he",0,0,-1
"diltrgf",0,0,-1
"ddynya2",0,-1,-1
"dtmdv6t",0,0,-1
"dgk3d0r",-1,0,0
"dnw40xc",0,-1,-1
"dqf1qm9",0,0,1
"dhcsys2",-1,0,0
"dizb9k6",0,-1,-1
"dkpmv88",0,-1,-1
"do7y2h5",0,-1,-1
"dirv7r5",-1,0,0
"dmpk0al",0,-1,0
"di5lzha",0,1,1
"dm5utx7",0,0,1
"dr3dgxv",0,-1,-1
"dtpwvs2",-1,0,0
"dnw2cnr",0,0,-1
"dbjzwoc",0,-1,-1
"dfa5s62",-1,1,1
"duc3eb2",0,-1,0
"dbfkmiu",-1,-99,0
"dbr5u2k",-1,0,0
"dpphui5",0,-1,-1
"dksqvs5",0,-1,-1
"drnaoi8",-1,1,1
"djttcgr",0,0,-1
"dto7ral",0,0,-1
"du7f78u",-1,0,0
"dl28lxl",0,0,-1
"drtsa8p",-1,1,0
"dctlyol",0,0,-1
"ducmfnr",-1,1,1
"dimusy8",-1,1,1
"dmaljpb",0,-1,-1
"dd3zzcw",1,0,0
"dcyq8of",-1,1,1
"dssea91",0,0,-1
"drqpwsn",0,0,1
"dd5s2sw",-1,0,0
"dc71i5m",0,-1,-1
"dtcfki5",0,0,-1
"dgf4zhe",-1,0,0
"ddc3omz",0,0,1
"dj8zqes",0,-1,-1
"dti6rs8",0,0,1
"dszkrvt",-99,-1,0
"ddw7iad",-1,0,0
"dti2in8",0,1,1
"dhs2g6l",0,0,-1
"dl63nd7",-1,1,1
"dcjc8sg",0,-1,-1
"dlomqe6",-1,0,1
"dh63iz6",-1,0,0
"dpchpef",0,0,-1
"dizafm1",0,0,-1
"djpzy7b",-1,0,0
"djuj4c0",1,0,-1
"dr6qatw",1,-99,0
"dszti2z",-1,0,0
"dkjm88g",0,-1,-1
"duq0q9r",0,-1,-1
"dit6g3k",0,0,-1
"dc4iqjm",-1,0,0
"dm54g9b",-1,1,1
"dureoxe",1,-1,0
"dopzr4h",0,0,-1
"dr2xetb",-1,0,0
"dc5qdii",-1,0,0
"dh4sk5q",0,-1,-1
"dqi95jx",0,-1,0
"df4nmt1",-1,0,0
"dlh03xe",0,-1,0
"dlz5zxf",0,1,1
"dotbvo7",-1,-1,0
"dl3ta5m",0,0,-1
"da1yepo",0,0,-1
"dtdtmf1",-1,1,0
"dm3tcbl",0,0,-1
"da7eiun",-1,1,0
"dhouuzt",0,-1,-1
"dcvxacr",0,-1,-1
"duhpuo2",0,-1,-1
"dmac396",0,-1,-1
"diltxv6",0,-1,-1
"dufuqsi",-1,1,1
"dat5pac",0,-1,-1
"dct9qwt",-1,0,0
"dkne51u",0,-1,-1
"dpl9q45",-1,-1,0
"du19mow",-1,0,0
"djqztfw",-1,0,-99
"diavkkp",0,-99,-1
"dt9sp8o",-1,0,1
"dqyi7ox",0,0,-1
"dr6606y",1,-1,0
"dsucpcd",-1,1,1
"dbhagub",-1,0,0
"dbd1mxb",-1,0,0
"delnncb",-1,1,1
"dfecdxw",0,-1,-1
"drp5p09",0,-1,-1
"dccybls",-1,0,0
"dktxdyt",0,-1,0
"dcjf9et",0,-1,-1
"ddjg6jy",0,0,-1
"dc9uncg",-1,1,1
"dqu9gtq",-1,1,1
"dou0jpo",-1,-1,0
"dgjccgc",-1,0,1
"dhpugha",0,0,-1
"dtgryv4",-1,0,0
"dsl8qbr",0,0,-1
"dh2jh43",0,0,-1
"dfmx2vp",-1,0,1
"dl53a95",-1,1,1
"dp39i7p",0,-1,-1
"dqehuym",0,0,-1
"dklr871",-1,0,0
"da71z9h",0,0,-1
"dejnsep",-1,0,-99
"dth8r7v",-1,0,0
"djpdr7r",-1,0,0
"dseeb28",-1,1,1
"dl217ac",0,-1,-1
"dnuswkg",0,0,-1
"dh5utuo",0,-1,0
"dti1cr4",-1,0,-99
"df4nyyw",-1,1,0
"db6nkqp",0,0,-1
"dcuqkee",0,-1,-1
"dqepp1b",-1,0,0
"dti2dj8",-1,1,-99
"dr55fi2",0,1,1
"duoj5i9",-1,0,0
"dcr51at",-1,1,1
"dpaie56",0,-1,-1
"dhvlqg0",-1,0,0
"dcevv8f",-1,0,0
"drb98bq",-1,0,0
"di0zyu6",0,-1,-1
"dd0l8py",0,0,-1
"dp07pjj",0,1,1
"depd6ux",0,-1,0
"dd1o1ps",0,0,1
"dsyjgbo",1,-1,0
"dcr41v1",0,0,-1
"dsp27mq",0,0,1
"dps3km3",0,-1,-1
"du8u73x",0,0,-1
"ddnk8vw",-1,0,0
"dhcj16u",0,0,-1
"dkp8zlp",0,0,-1
"dfxfag8",0,-1,-1
"df6fl4f",-1,1,0
"dodv2wc",-1,0,0
"depky3j",0,0,-1
"dt4selq",0,-1,-1
"djnc5vn",-1,1,1
"dd27a3u",-1,1,1
"dpae989",0,-1,-1
"dhnbeyo",0,0,-1
"dqlxk6q",0,-1,-1
"dn2mxhv",0,1,1
"drj320h",0,-1,-1
"dl4uy6b",0,-1,-1
"dcarfsw",0,0,-1
"ds2rzln",0,-1,0
"dilfj6r",-1,0,0
"dtwuibl",-1,1,1
"dcnhgjl",0,-1,0
"dl1gm69",0,0,-1
"dndhgr6",-1,0,1
"dgyyz7n",-1,-99,0
"dt25ys2",0,0,-1
"dtyr4re",-1,1,1
"dhha3g5",0,-1,0
"ddq7awb",-1,0,0
"dko3z9o",-1,0,0
"dq59v5v",1,-1,0
"dcikxn7",0,-1,-1
"ddhzr5d",0,-1,-1
"dhi70jt",0,0,-1
"dqmxs63",0,-1,-1
"djte2co",0,-1,0
"dh3shfu",-1,0,0
"dty2yhz",-1,-99,1
"dn0cqvm",0,-1,-1
"du4kdm8",-1,1,0
"d9ptjs3",-1,0,0
"dne7y0d",0,0,-1
"dj1lz53",0,-1,-1
"dfp7tcj",0,0,1
"dimrro9",-1,0,0
"dl5q9i7",0,0,-1
"dgie2jw",0,0,-1
"dragqvz",0,1,1
"dsc0se8",0,0,-1
"deazzcj",0,-1,-1
"dtfw7gf",-1,1,1
"dtsfv9v",0,-1,-1
"dkpr7sh",0,-1,0
"dhgonw5",0,0,-1
"dror72k",0,1,0
"dd4l41s",0,-1,-1
"do7ugyz",0,0,-1
"drnx4cq",-1,0,0
"dt78ssm",-1,1,1
"dnw1gyb",0,0,-1
"dsm21q0",0,0,-1
"ddot7dx",-1,1,1
"dud8y4j",-1,1,1
"dikb0yi",0,-1,-1
"dbbfnwl",0,1,1
"dti30h4",-1,1,1
"dschgxi",0,-1,-1
"dpifgc9",0,0,-1
"dl5gnxw",-1,1,1
"dht88en",-1,0,0
"dd24uph",0,0,-1
"doi3h6i",-1,0,0
"dtioxbj",0,0,1
"dsindxj",-1,0,0
"djcf7hj",-1,0,0
"djh1v4c",0,-1,0
"ddxj7ze",-1,0,0
"dm5eyv0",0,-1,-1
"dn89lbq",0,-1,-1
"dtrlg42",0,-1,-1
"dj0hsiy",-1,0,0
"duhmnuf",-1,0,0
"dsfkx2i",-1,0,0
"dlk8d14",-1,0,0
"ds5pq0g",0,1,1
"dgiwa74",0,-1,-1
"drs14f6",0,0,1
"da4kejo",-1,0,1
"dc2u9wt",0,0,-1
"dlon93h",-1,1,1
"dcd38ju",-1,0,0
"dr7xys4",0,-1,0
"dqz1v0b",-1,1,1
"dfpjdig",0,-1,-1
"drwtj8n",0,0,1
"dtuv0wa",-1,0,0
"di9qmgs",0,-1,-1
"dsfyndc",0,0,-1
"db0hcs8",0,-1,0
"dr9dnfq",-1,1,1
"ddtyhox",0,-1,-1
"de3k1sl",-1,1,1
"dfcjr1y",-1,0,0
"dufrhc3",0,0,-1
"dm02vr4",-1,0,0
"dk7hn63",-1,0,1
"dt35v6w",0,-1,-1
"dsblgx1",0,-1,-1
"dtmmduk",-1,0,0
"dt5c32l",0,0,-1
"drs0i0y",0,0,-1
"desn89e",1,-1,0
"dpifmcf",-1,-1,1
"dirmhka",0,1,-1
"dswe8q6",-1,0,0
"dposq8f",-1,0,1
"daa65rw",0,-1,-1
"dcq7uix",-1,1,1
"de636wl",0,-1,-1
"djlv7by",0,-1,0
"dss1m25",0,0,-1
"dtg0cuv",-1,-99,-99
"dof195g",-1,0,0
"d9shd8s",0,0,-1
"dilhnn1",-1,0,1
"dnesswb",-1,0,0
"dpx5oj7",-1,0,0
"dm5199w",0,1,1
"dcxpaeh",0,0,1
"db0blev",-1,0,0
"dm7ghsp",-1,0,0
"dhjqggq",0,-1,0
"dc5tu3q",-1,0,0
"diuts59",-1,1,1
"du3ewwo",-1,0,0
"du18omq",-1,1,1
"dib2dwu",-1,0,0
"djp43x9",0,0,-1
"dsz92d8",0,0,-1
"dq55fxg",0,0,1
"ddizw1y",0,-1,-1
"du7kgad",1,0,0
"dr450yy",0,-1,-1
"dslfk6a",0,0,-1
"dllz6a9",1,-1,-1
"dtgagxs",-1,0,0
"dfhwewl",-1,0,1
"d9ooax6",0,0,-1
"dglt9di",0,-1,-1
"ddmfcg6",0,-1,0
"dqm97m6",-1,1,1
"dglnnv7",0,-1,-1
"djzy7ko",0,0,-1
"dr5julh",0,1,1
"dimnqz5",-1,1,1
"df4j3s9",0,0,-1
"dcaishe",-1,0,0
"dkci383",-1,-99,0
"du0l82k",1,-1,-1
"dspk5zx",-1,1,0
"dpx8esh",-1,0,0
"drpsx7v",0,-1,0
"de44fh1",1,-1,0
"de472h4",0,-1,0
"do5893o",0,0,-1
"div7rhm",-1,1,1
"dgkqv41",-1,0,0
"dnpokwq",0,-1,0
"dhia7mt",-1,0,0
"dt71lz0",0,0,-1
"dtim89o",-1,0,0
"dsycnc3",-1,0,0
"dn0ce4x",0,-1,-1
"do9ef07",0,-1,-1
"djv4ew7",0,0,-1
"dp6t7lq",0,0,-1
"dgzfslv",0,0,-1
"dqpzbf6",0,-1,0
"dtgvksi",0,0,-1
"dqdpcxu",-1,0,1
"dqbla86",-1,-1,0
"dm01q10",0,0,-1
"dnpwfxs",1,0,0
"dqdjfbf",-1,0,0
"dsfgjoj",0,-1,0
"djeylj6",0,0,-1
"dcza1h6",0,-1,-1
"dksh10t",0,0,-1
"dl5qyfe",0,0,-1
"dgh4rsx",0,-1,-1
"dfnezbp",0,-1,0
"dpnjtwd",-1,1,0
"dtfvwpo",-1,0,0
"djb6hma",0,0,-1
"dq913dx",0,-1,-1
"drknc2o",-1,1,1
"dd1v3o2",-1,1,1
"dpc7x89",0,0,-1
"dqxdt89",-1,-99,-99
"drhrnio",-1,0,0
"dqi8rcv",-1,-99,0
"dcmmegt",-1,1,1
"dumak09",-1,0,0
"dhx9w0s",0,-1,-1
"dgxfprf",-1,-99,1
"dh2uyr8",-1,1,1
"dt90crf",0,0,-1
"drthgj7",1,-1,-1
"dithj8c",0,0,-1
"dqtki7n",-1,0,0
"dtgaoic",-1,0,1
"du8nl55",-1,0,0
"daadbmk",0,-99,-1
"dmndbf6",-1,1,1
"dhji6fe",-1,0,0
"dirih7y",-1,0,0
"dhcjhk2",-1,0,0
"dtke4qp",-1,0,0
"dfj1kqf",-1,0,0
"dni18kb",-1,0,0
"dqf3y87",0,-99,-1
"dj0yrw3",-1,0,0
"dge7xhf",-1,1,1
"dir3qyr",0,0,-1
"dtg5xut",0,-1,-1
"dp009j3",-1,0,0
"dsbgiyl",0,-1,-1
"do61clo",0,0,-1
"dhjsr19",-1,1,1
"duledd7",0,-1,-1
"di3bay9",0,-1,-1
"dlahqus",0,-1,0
"dpgnvvj",0,0,1
"dht1640",0,-99,-1
"dujxzr6",-99,-1,-99
"da20grm",0,0,-1
"dqgqx9r",-1,0,0
"du0kj6t",0,-1,-1
"dkeih3j",0,0,-1
"d9ggicu",-1,0,0
